Date,Open,High,Low,Close,Volume
2024-02-23,144.97,145.955,144.79,145.29,14519434
2024-02-22,146.12,146.2,144.01,145.32,23024707
2024-02-21,142.64,143.98,141.91,143.84,16499584
2024-02-20,140.94,143.3285,140.8,142.2,18625589
2024-02-16,144.21,144.48,141.52,141.76,21865118
2024-02-15,144.46,144.76,141.88,143.94,26724305
2024-02-14,147.37,147.83,145.555,147.14,16651824
2024-02-13,146.07,148.04,145.11,146.37,18138482
2024-02-12,149.54,150.59,148.56,148.73,17236108
2024-02-09,147.95,150.695,147.43,150.22,21877693
2024-02-08,146.97,147.61,146.42,147.22,18241319
2024-02-07,146.12,147.0,145.2103,146.68,21436126
2024-02-06,145.96,146.74,144.52,145.41,21517655
2024-02-05,144.04,146.67,143.91,144.93,29254444
2024-02-02,140.89,143.88,138.17,143.54,42136127
2024-02-01,143.69,144.62,142.26,142.71,25526855
2024-01-31,145.39,145.59,141.55,141.8,43908584
2024-01-30,154.01,155.04,152.775,153.05,26578934
2024-01-29,153.64,155.2,152.92,154.84,20909258
2024-01-26,152.87,154.11,152.8,153.79,19494488
2024-01-25,151.74,154.76,151.22,153.64,21495120
2024-01-24,150.29,151.57,149.84,150.35,19245031
2024-01-23,147.72,148.86,147.19,148.68,14113649
2024-01-22,148.71,150.015,147.58,147.71,21829232
2024-01-19,146.305,148.04,145.8,147.97,27181032
2024-01-18,143.44,145.585,143.35,144.99,18876800
2024-01-17,142.91,143.41,140.51,142.89,17884548
2024-01-16,143.43,145.84,143.0564,144.08,19198939
2024-01-12,144.34,144.74,143.36,144.24,13998729
2024-01-11,144.895,146.66,142.215,143.67,17471130
2024-01-10,142.52,144.525,142.46,143.8,16641881
2024-01-09,140.06,142.7998,139.79,142.56,19579667
2024-01-08,138.0,140.64,137.88,140.53,17645293
2024-01-05,138.352,138.81,136.85,137.39,15439475
2024-01-04,139.85,140.635,138.01,138.04,18253331
2024-01-03,138.6,141.09,138.43,140.36,18974308
2024-01-02,139.6,140.6147,137.74,139.56,20071885
2023-12-29,140.68,141.435,139.9,140.93,14880961
2023-12-28,141.85,142.27,140.8283,141.28,12192549
2023-12-27,142.83,143.32,141.0512,141.44,17288358
2023-12-26,142.98,143.945,142.5001,142.82,11170066
2023-12-22,142.13,143.25,142.055,142.72,18513524
2023-12-21,140.77,142.03,140.4725,141.8,18101476
2023-12-20,140.33,143.0783,139.41,139.66,33507342
2023-12-19,138.0,138.77,137.45,138.1,20661000
2023-12-18,133.86,138.38,133.77,137.19,25699767
2023-12-15,132.92,134.83,132.63,133.84,58594004
2023-12-14,134.77,135.035,131.06,133.2,29619098
2023-12-13,134.545,134.78,132.95,133.97,25414461
2023-12-12,133.27,134.54,132.83,133.64,26583981
2023-12-11,133.82,134.79,132.89,134.7,24502860
2023-12-08,135.66,137.99,135.57,136.64,23016139
2023-12-07,136.6,140.0,136.23,138.45,38419426
2023-12-06,132.9,133.31,131.31,131.43,16360648
2023-12-05,130.37,133.54,129.73,132.39,19235145
2023-12-04,131.294,131.45,129.4,130.63,24117083
2023-12-01,133.32,133.5,132.1517,133.32,24267987
2023-11-30,136.4,136.96,132.79,133.92,29913531
2023-11-29,138.985,139.67,136.295,136.4,21014715
2023-11-28,137.63,138.66,137.04,138.62,17046868
2023-11-27,137.57,139.63,137.54,138.05,17886389
2023-11-24,139.54,139.677,137.47,138.22,8828640
2023-11-22,139.1,141.1,139.0,140.02,17310209
2023-11-21,137.94,138.965,137.705,138.62,17648067
2023-11-20,135.5,138.425,135.49,137.92,19589006
2023-11-17,137.82,138.0,135.48,136.94,25590191
2023-11-16,136.96,138.8799,136.08,138.7,17615068
2023-11-15,136.64,136.84,135.33,136.38,15840883
2023-11-14,135.65,137.24,135.1,135.43,22317345
2023-11-13,133.36,134.11,132.77,133.64,16409856
2023-11-10,131.53,134.27,130.87,134.06,20879838
2023-11-09,133.36,133.96,131.51,131.69,17976533
2023-11-08,132.36,133.54,132.16,133.26,15093598
2023-11-07,131.98,133.28,131.14,132.4,19223786
2023-11-06,130.22,131.56,129.93,131.45,15360362
2023-11-03,129.09,130.73,129.01,130.37,19529448
2023-11-02,129.56,130.09,128.11,128.58,24091672
2023-11-01,125.34,127.74,124.925,127.57,26536604
2023-10-31,126.27,126.56,123.925,125.3,21123418
2023-10-30,124.46,126.55,123.88,125.75,24165631
2023-10-27,124.03,124.44,121.46,123.4,37367673
2023-10-26,124.47,125.46,122.32,123.44,33907363
2023-10-25,129.77,130.1,126.09,126.67,58796067
2023-10-24,139.16,140.7099,138.75,140.12,26535198
2023-10-23,136.23,139.02,135.11,137.9,20780665
2023-10-20,138.59,139.04,136.245,136.74,24970263
2023-10-19,139.8,141.005,138.6,138.98,21831181
2023-10-18,140.75,141.99,138.705,139.28,18304869
2023-10-17,140.03,141.25,138.5287,140.99,17424024
2023-10-16,139.73,140.905,139.32,140.49,17345556
2023-10-13,140.65,141.34,137.97,138.58,19447565
2023-10-12,142.16,142.38,139.45,140.29,18173107
2023-10-11,139.85,142.22,139.84,141.7,20146341
2023-10-10,139.51,140.74,138.43,139.2,19554916
2023-10-09,137.99,139.97,136.7,139.5,16599099
2023-10-06,134.94,139.1857,134.94,138.73,20826683
2023-10-05,136.13,136.5,134.455,135.99,15922944
2023-10-04,133.66,136.57,133.43,136.27,22847987
2023-10-03,134.93,135.24,132.815,133.3,19628736
2023-10-02,132.155,135.36,132.065,135.17,19210394
2023-09-29,134.08,134.89,131.32,131.85,23237336
2023-09-28,130.69,134.1799,130.69,133.13,18201389
2023-09-27,129.44,131.72,129.38,131.46,18764201
2023-09-26,130.914,131.405,128.19,129.45,20378789
2023-09-25,130.77,132.22,130.03,132.17,14650032
2023-09-22,131.68,133.01,130.51,131.25,17355284
2023-09-21,132.39,133.19,131.09,131.36,22058375
2023-09-20,138.83,138.84,134.52,134.59,21473533
2023-09-19,138.25,139.175,137.5,138.83,15484644
2023-09-18,137.63,139.93,137.63,138.96,16233590
2023-09-15,138.8,139.36,137.18,138.3,48958837
2023-09-14,138.39,139.55,137.06,138.99,19064607
2023-09-13,135.9,137.7,134.93,137.5,16394915
2023-09-12,137.13,137.64,135.93,136.07,15212934
2023-09-11,137.38,138.2638,136.55,137.74,17180755
2023-09-08,135.87,137.515,135.87,137.2,17820005
2023-09-07,134.6,136.58,133.9601,136.2,16975956
2023-09-06,137.015,137.48,134.69,135.37,15814327
2023-09-05,136.44,137.37,135.56,136.71,17730218
2023-09-01,138.43,138.58,135.94,136.8,16671647
2023-08-31,137.05,138.4,136.82,137.35,28147850
2023-08-30,135.57,137.25,135.021,136.93,21773356
2023-08-29,132.9981,137.295,132.98,135.49,30803265
2023-08-28,132.08,133.24,130.85,131.79,16715467
2023-08-25,130.14,131.4,128.04,130.69,20678096
2023-08-24,134.7272,134.97,130.3,130.42,18680381
2023-08-23,130.85,134.07,130.51,133.21,26497027
2023-08-22,129.13,130.95,128.925,129.69,15569373
2023-08-21,127.85,129.26,127.16,128.93,21851070
2023-08-18,129.06,129.83,127.0,128.11,23627202
2023-08-17,130.45,132.4913,129.85,130.46,23665562
2023-08-16,129.28,130.8975,128.46,129.11,17548355
2023-08-15,131.59,131.99,129.819,130.27,14769173
2023-08-14,129.85,131.91,129.59,131.83,17526195
2023-08-11,129.202,130.44,128.75,130.17,15205465
2023-08-10,131.97,132.647,130.035,130.21,17855681
2023-08-09,132.19,132.47,129.505,130.15,17745218
2023-08-08,130.98,131.94,130.13,131.84,16835952
2023-08-07,129.51,132.06,129.43,131.94,17621041
2023-08-04,129.6,131.93,128.315,128.54,20521852
2023-08-03,128.37,129.77,127.775,128.77,15086132
2023-08-02,129.84,130.42,127.85,128.64,22705778
2023-08-01,130.855,132.92,130.75,131.89,22219012
2023-07-31,133.01,133.83,132.13,133.11,18381891
2023-07-28,130.97,134.07,130.92,133.01,26971011
2023-07-27,131.8,133.6,129.18,129.87,35931612
2023-07-26,130.36,131.37,128.71,129.66,46216895
2023-07-25,121.88,123.69,121.53,122.79,31820846
2023-07-24,121.926,123.35,121.38,121.88,22312220
2023-07-21,120.87,121.3,119.07,120.31,56514645
2023-07-20,122.12,124.7,118.685,119.53,27541711
2023-07-19,124.79,125.47,122.47,122.78,22313803
2023-07-18,124.905,124.99,123.3,124.08,21071248
2023-07-17,126.06,127.28,124.5,125.06,20675297
2023-07-14,125.13,127.09,124.9,125.7,20499780
2023-07-13,121.54,125.335,121.06,124.83,31535853
2023-07-12,119.3,120.96,119.0,119.62,22059611
2023-07-11,116.76,118.225,115.83,117.71,18286571
2023-07-10,119.07,119.07,116.64,116.87,32960078
2023-07-07,120.89,121.75,120.09,120.14,20997665
2023-07-06,120.64,121.1499,119.2499,120.93,17750181
2023-07-05,120.06,123.37,120.06,122.63,17830347
2023-07-03,120.32,121.02,119.705,120.56,13888262
2023-06-30,121.1,122.03,120.88,120.97,23871764
2023-06-29,120.09,120.91,119.21,120.01,18517458
2023-06-28,117.96,121.27,117.6,121.08,19753145
2023-06-27,117.84,119.895,116.91,119.01,27221714
2023-06-26,121.94,122.72,118.99,119.09,23184961
2023-06-23,122.04,123.44,121.86,123.02,29573123
2023-06-22,120.66,123.935,119.6,123.87,20781888
2023-06-21,123.235,123.41,120.86,121.26,22612002
2023-06-20,123.535,125.175,122.83,123.85,22698028
2023-06-16,126.7,126.7,123.79,124.06,56699200
2023-06-15,123.88,126.16,123.14,125.79,24517071
2023-06-14,123.8,124.79,122.16,124.38,24659620
2023-06-13,125.65,125.86,123.845,124.43,19287650
2023-06-12,123.395,124.75,122.35,124.35,22289632
2023-06-09,122.56,124.285,122.42,122.87,20313676
2023-06-08,122.585,123.73,122.01,122.67,24814996
2023-06-07,127.575,129.55,122.63,122.94,34179348
2023-06-06,126.6,128.88,125.97,127.91,19450128
2023-06-05,124.61,127.99,124.38,126.63,22672516
2023-06-02,124.49,126.745,124.35,125.23,19367453
2023-06-01,123.5,125.04,123.3,124.37,25017674
2023-05-31,123.7,124.9,123.1,123.37,41548759
2023-05-30,126.29,126.38,122.89,124.64,27230726
2023-05-26,124.065,126.0,123.29,125.43,25169036
2023-05-25,125.21,125.98,122.9,124.35,33812730
2023-05-24,121.88,122.7499,120.75,121.64,23087925
2023-05-23,124.93,125.42,123.05,123.29,24477945
2023-05-22,123.51,127.05,123.45,125.87,29760236
2023-05-19,124.2,126.479,122.72,123.25,30268864
2023-05-18,121.56,123.9,121.49,123.52,27014468
2023-05-17,120.18,122.28,119.46,121.48,26659564
2023-05-16,116.83,121.2,116.83,120.09,32370113
2023-05-15,116.49,118.795,116.48,116.96,22107865
2023-05-12,117.0,118.26,116.55,117.92,31293778
2023-05-11,115.86,118.44,114.9301,116.9,57115075
2023-05-10,108.55,113.51,108.48,112.28,47533463
2023-05-09,108.78,110.595,107.725,107.94,24782442
2023-05-08,105.795,108.42,105.79,108.24,17266021
2023-05-05,105.32,106.44,104.7386,106.215,20710627
2023-05-04,106.16,106.3,104.7,105.21,19780637
2023-05-03,106.22,108.13,105.62,106.12,17116333
2023-05-02,107.66,107.73,104.5,105.98,20343116
2023-05-01,107.72,108.68,107.5,107.71,20926259
2023-04-28,107.8,108.29,106.04,108.22,23957872
2023-04-27,105.23,109.15,104.42,108.37,38235220
2023-04-26,105.56,107.02,103.27,104.45,37068168
2023-04-25,106.61,107.44,104.56,104.61,31408119
2023-04-24,106.05,107.32,105.36,106.78,21410908
2023-04-21,106.09,106.64,105.485,105.91,22379018
2023-04-20,104.65,106.8875,104.64,105.9,22515331
2023-04-19,104.215,105.725,103.8,105.02,16732016
2023-04-18,107.0,107.05,104.78,105.12,17641369
2023-04-17,105.43,106.71,105.32,106.42,29043443
2023-04-14,107.69,109.58,107.59,109.46,20758686
2023-04-13,106.47,108.265,106.44,108.19,21650747
2023-04-12,107.39,107.5874,104.97,105.22,22761569
2023-04-11,106.92,107.22,105.28,106.12,18721278
2023-04-10,107.39,107.97,105.6,106.95,19741517
2023-04-06,105.77,109.63,104.815,108.9,34684150
2023-04-05,106.12,106.54,104.1021,104.95,21864200
2023-04-04,104.84,106.1,104.6,105.12,20377231
2023-04-03,102.67,104.95,102.38,104.91,20719861
2023-03-31,101.71,104.19,101.44,104.0,28107953
2023-03-30,101.44,101.61,100.29,101.32,25009829
2023-03-29,102.72,102.82,101.03,101.9,26148300
2023-03-28,103.0,103.0,100.28,101.36,24913480
2023-03-27,105.32,105.4,102.63,103.06,25393417
2023-03-24,105.74,106.16,104.74,106.06,25245010
2023-03-23,105.89,107.1009,105.41,106.26,31385817
2023-03-22,105.14,107.51,104.21,104.22,32336877
2023-03-21,101.98,105.96,101.86,105.84,33122800
2023-03-20,101.06,102.58,100.79,101.93,26033916
2023-03-17,100.84,103.49,100.75,102.46,76140310
2023-03-16,96.57,101.97,95.87,101.07,54588200
2023-03-15,93.54,97.25,93.04,96.55,38367334
2023-03-14,93.07,94.83,92.78,94.25,32303881
2023-03-13,90.565,93.08,89.94,91.66,31508570
2023-03-10,92.5,93.18,90.8,91.01,32850092
2023-03-09,94.49,95.92,92.355,92.66,24438890
2023-03-08,94.405,96.24,94.405,94.65,25395200
2023-03-07,95.42,96.09,93.8443,94.17,24101536
2023-03-06,94.36,96.3,94.3,95.58,28288206
2023-03-03,92.74,94.11,92.66,94.02,30242538
2023-03-02,89.86,92.48,89.77,92.31,23344562
2023-03-01,90.16,91.2,89.85,90.51,26323876
2023-02-28,89.54,91.45,89.52,90.3,30546912
2023-02-27,90.09,90.4499,89.61,90.1,22724262
2023-02-24,89.63,90.13,88.86,89.35,31295619
2023-02-23,92.13,92.13,90.01,91.07,32423720
2023-02-22,91.934,92.36,90.87,91.8,29891135
2023-02-21,93.24,93.4149,92.0,92.05,28367198
2023-02-17,95.07,95.75,93.45,94.59,31095067
2023-02-16,95.54,97.88,94.97,95.78,35642106
2023-02-15,94.74,97.34,94.36,97.1,37029885
2023-02-14,94.66,95.175,92.65,94.95,42513079
2023-02-13,95.01,95.35,94.05,95.0,43116559
2023-02-10,95.74,97.02,94.53,94.86,49325275
2023-02-09,100.54,100.61,93.86,95.46,97798573
2023-02-08,102.69,103.58,98.455,100.0,73546029
2023-02-07,103.63,108.67,103.5475,108.04,33738828
2023-02-06,102.685,104.7,102.21,103.47,25573046
2023-02-03,103.51,108.02,103.3,105.22,36823421
2023-02-02,106.79,108.82,106.54,108.8,46622627
2023-02-01,99.74,102.1899,98.42,101.43,26392568
2023-01-31,97.86,99.91,97.79,99.87,22306778
2023-01-30,98.745,99.4088,97.52,97.95,24365142
2023-01-27,99.05,101.58,98.97,100.71,29020354
2023-01-26,98.28,99.21,96.82,99.16,24542060
2023-01-25,97.2,97.72,95.262,96.73,31000850
2023-01-24,99.55,101.09,98.7,99.21,27391372
2023-01-23,99.13,101.4,98.75,101.21,31791782
2023-01-20,95.95,99.42,95.91,99.28,53704763
2023-01-19,91.39,94.4,91.38,93.91,28707653
2023-01-18,92.94,93.588,91.4,91.78,19641622
2023-01-17,92.78,92.97,90.84,92.16,22935823
2023-01-13,91.528,92.98,90.93,92.8,18630709
2023-01-12,92.4,92.62,90.57,91.91,22754216
2023-01-11,90.06,92.45,89.74,92.26,25998844
2023-01-10,86.72,89.475,86.7,89.24,22855590
2023-01-09,89.195,90.83,88.58,88.8,22996681
2023-01-06,87.36,88.47,85.57,88.16,26612628
2023-01-05,88.07,88.21,86.56,86.77,23136084
2023-01-04,91.01,91.24,87.8,88.71,27046483
2023-01-03,89.83,91.55,89.02,89.7,20738457
2022-12-30,87.365,88.83,87.03,88.73,19190296
2022-12-29,87.03,89.365,86.99,88.95,18280660
2022-12-28,87.5,88.52,86.3701,86.46,17879567
2022-12-27,89.31,89.5,87.535,87.93,15470870
2022-12-23,87.62,90.1,87.62,89.81,17815010
2022-12-22,88.93,89.18,86.9401,88.26,23656066
2022-12-21,89.73,90.915,88.91,90.25,20336387
2022-12-20,88.73,89.78,88.04,89.63,21976846
2022-12-19,90.88,91.2,88.925,89.15,23020537
2022-12-16,91.2,91.75,90.01,90.86,48485507
2022-12-15,93.54,94.03,90.43,91.2,28298756
2022-12-14,95.54,97.22,93.94,95.31,26452939
2022-12-13,98.07,99.8,95.38,95.85,34788522
2022-12-12,93.09,93.8745,91.9,93.56,27380948
2022-12-09,93.9,94.49,93.02,93.07,21885308
2022-12-08,95.69,95.87,93.8,93.95,25593232
2022-12-07,96.77,97.31,95.025,95.15,26647877
2022-12-06,99.67,100.21,96.7604,97.31,20877623
2022-12-05,99.815,101.7499,99.355,99.87,19955546
2022-12-02,99.37,101.15,99.17,100.83,18821527
2022-12-01,101.4,102.59,100.67,101.28,21771536
2022-11-30,95.12,101.45,94.67,101.45,39888074
2022-11-29,96.0,96.3901,94.39,95.44,20220007
2022-11-28,97.2,97.83,95.89,96.25,19981974
2022-11-25,98.465,98.94,97.53,97.6,8567819
2022-11-23,97.34,99.0685,97.34,98.82,17568859
2022-11-22,96.16,97.5475,94.41,97.33,18868850
2022-11-21,97.56,98.72,95.67,95.83,18696874
2022-11-18,99.01,99.16,96.74,97.8,24969880
2022-11-17,97.18,99.48,97.1,98.5,21818732
2022-11-16,98.02,99.85,97.9015,98.99,24660195
2022-11-15,98.67,100.42,97.02,98.72,31830969
2022-11-14,95.5,97.18,95.1125,96.03,24170076
2022-11-11,94.71,97.36,94.16,96.73,30569112
2022-11-10,92.34,94.55,91.65,94.17,42371216
2022-11-09,88.545,89.49,87.3599,87.4,26743883
2022-11-08,89.16,90.405,87.65,88.91,30172001
2022-11-07,87.34,88.94,86.96,88.65,26899879
2022-11-04,85.51,86.73,83.88,86.7,40173284
2022-11-03,86.345,86.55,83.45,83.49,48510364
2022-11-02,90.91,91.3,87.01,87.07,43553551
2022-11-01,95.59,96.165,90.43,90.5,43220599
2022-10-31,95.78,96.35,94.38,94.66,29868714
2022-10-28,92.53,96.86,92.3225,96.58,35696925
2022-10-27,94.31,95.17,91.9,92.6,54036485
2022-10-26,96.76,98.54,94.57,94.82,71671814
2022-10-25,103.3,105.0999,103.02,104.93,29910170
2022-10-24,102.09,103.1,100.3,102.97,24680831
2022-10-21,98.46,101.62,98.23,101.48,28988727
2022-10-20,100.82,103.0,99.97,100.53,25125082
2022-10-19,100.7,101.6592,99.635,100.29,21573686
2022-10-18,103.94,104.22,100.65,101.39,21610541
2022-10-17,99.52,101.77,99.51,100.78,23311604
2022-10-14,100.625,101.29,97.03,97.18,22624832
2022-10-13,95.93,100.53,95.27,99.71,32812220
2022-10-12,98.27,99.6476,97.67,98.3,17343431
2022-10-11,98.25,100.12,97.25,98.05,21617727
2022-10-10,99.85,99.99,97.87,98.71,16529897
2022-10-07,100.65,101.42,99.21,99.57,24249910
2022-10-06,101.5,103.73,101.5,102.24,17156240
2022-10-05,100.69,102.74,99.74,102.22,18475515
2022-10-04,101.04,102.72,101.04,102.41,22580931
2022-10-03,97.22,99.97,97.02,99.3,24840028
2022-09-30,97.73,99.494,96.03,96.15,26277832
2022-09-29,99.3,99.3,96.52,98.09,21921520
2022-09-28,98.02,101.4,97.8,100.74,24616999
2022-09-27,99.91,100.46,97.34,98.09,24224988
2022-09-26,98.61,100.44,98.38,98.81,22437938
2022-09-23,100.06,100.11,98.01,99.17,25656959
2022-09-22,99.45,101.68,99.41,100.57,21272675
2022-09-21,102.24,103.49,99.99,100.01,26596757
2022-09-20,102.88,103.17,101.12,101.83,24001668
2022-09-19,102.54,104.02,102.37,103.85,19738603
2022-09-16,102.97,104.03,101.855,103.63,64540115
2022-09-15,105.01,106.21,103.31,103.9,26494933
2022-09-14,105.44,106.1,104.5,105.87,22115805
2022-09-13,108.89,109.37,105.0,105.31,33014991
2022-09-12,111.99,112.64,110.93,111.87,19732905
2022-09-09,110.05,112.0,110.0,111.78,21745034
2022-09-08,109.18,110.58,108.06,109.42,21660654
2022-09-07,107.76,110.99,107.615,110.48,22987178
2022-09-06,108.135,108.88,106.51,107.48,20565050
2022-09-02,111.34,111.675,108.13,108.68,20618080
2022-09-01,109.2,111.22,108.19,110.55,22784385
2022-08-31,111.63,111.77,109.05,109.15,25897978
2022-08-30,111.03,111.37,108.8,109.91,20548202
2022-08-29,110.78,111.96,109.81,110.34,20386142
2022-08-26,115.81,116.6,111.22,111.3,31698668
2022-08-25,115.15,117.78,115.05,117.7,14874666
2022-08-24,114.45,115.7171,113.78,114.7,16051174
2022-08-23,114.32,115.93,114.3,114.77,14390691
2022-08-22,116.1,116.5,114.67,115.07,19316024
2022-08-19,119.87,120.0,117.67,118.12,20186983
2022-08-18,120.23,121.69,119.5502,120.86,15652029
2022-08-17,120.93,122.15,120.2,120.32,17589157
2022-08-16,122.32,123.2276,121.535,122.51,15626171
2022-08-15,122.21,123.26,121.57,122.88,15524951
2022-08-12,121.16,122.65,120.4001,122.65,16121087
2022-08-11,122.08,122.3402,119.55,119.82,16671627
2022-08-10,119.59,121.78,119.36,120.65,20497021
2022-08-09,117.99,118.2,116.56,117.5,15424257
2022-08-08,119.12,120.86,117.83,118.14,17061112
2022-08-05,116.93,118.86,116.71,118.22,15615663
2022-08-04,118.3,119.5,117.71,118.87,15757698
2022-08-03,116.34,119.42,116.15,118.78,25302816
2022-08-02,114.43,117.08,114.26,115.9,17911039
2022-08-01,115.53,117.12,114.69,115.48,22856202
2022-07-29,113.4,116.9,113.23,116.64,31336183
2022-07-28,112.8,114.7,111.851,114.59,23303844
2022-07-27,109.6,114.4,108.42,113.6,41474618
2022-07-26,107.43,107.74,104.76,105.44,36626630
2022-07-25,108.88,110.58,107.01,108.21,28289942
2022-07-22,111.81,113.18,107.6,108.36,44455304
2022-07-21,115.09,115.21,111.91,115.04,27267848
2022-07-20,114.06,116.33,113.26,114.7,26780088
2022-07-19,111.73,114.81,110.5,114.62,30992331
2022-07-18,113.44,114.8,109.3,109.91,33353985
2022-07-15,112.963,114.001,111.822,112.767,34330760
2022-07-14,110.826,111.988,109.326,111.44,32365540
2022-07-13,112.639,115.157,111.823,112.187,38958860
2022-07-12,116.838,117.849,114.615,114.849,24970160
2022-07-11,118.65,118.794,116.234,116.522,26830460
2022-07-08,117.55,120.435,117.514,120.168,29082200
2022-07-07,116.008,119.862,115.534,119.306,32183940
2022-07-06,114.092,116.352,112.251,115.214,28852680
2022-07-05,107.514,114.053,106.25,113.887,36429380
2022-07-01,108.337,109.806,107.105,109.081,31027880
2022-06-30,110.499,111.33,107.31,109.372,38046040
2022-06-29,112.148,113.664,111.554,112.256,18627860
2022-06-28,116.351,117.857,112.444,112.571,28316220
2022-06-27,118.935,119.25,116.001,116.622,32839300
2022-06-24,113.603,118.638,113.603,118.538,39122760
2022-06-23,112.95,113.196,111.029,112.684,24709720
2022-06-22,111.163,113.77,110.724,112.034,23921720
2022-06-21,109.702,112.673,109.294,112.015,39010280
2022-06-17,106.535,109.249,105.629,107.866,43516660
2022-06-16,108.149,109.29,105.793,106.636,35313240
2022-06-15,108.899,112.063,108.119,110.39,33192020
2022-06-14,106.89,108.458,106.352,107.194,25480940
2022-06-13,107.446,109.218,106.588,106.876,36756200
2022-06-10,112.781,113.497,110.861,111.428,31349740
2022-06-09,116.342,118.35,114.867,114.918,23141600
2022-06-08,116.876,118.646,116.697,117.238,22544260
2022-06-07,115.648,117.749,115.126,117.23,26413540
2022-06-06,116.742,119.398,116.528,117.011,23786720
2022-06-03,115.992,116.364,113.668,114.564,24952080
2022-06-02,114.188,117.898,113.308,117.746,27495400
2022-06-01,114.932,117.399,113.551,114.137,28629280
2022-05-31,113.079,116.434,112.572,114.039,51301920
2022-05-27,109.788,112.868,109.55,112.799,29924420
2022-05-26,106.051,108.955,105.488,108.296,30287480
2022-05-25,105.142,106.545,104.211,105.84,37899340
2022-05-24,106.378,106.395,102.208,105.926,60386380
2022-05-23,110.104,112.006,109.154,111.666,31558220
2022-05-20,112.086,112.55,106.373,109.313,37586020
2022-05-19,111.841,113.588,110.468,110.746,29191740
2022-05-18,115.238,115.696,112.142,112.401,27982760
2022-05-17,117.228,117.228,115.338,116.702,21576080
2022-05-16,115.384,116.608,114.335,114.792,23282380
2022-05-13,114.845,118.085,114.0,116.516,29737560
2022-05-12,111.938,114.857,110.114,113.161,41464880
2022-05-11,113.71,116.671,113.65,113.961,36501640
2022-05-10,116.04,116.691,113.383,114.584,31157780
2022-05-09,113.304,115.563,112.552,113.084,34520960
2022-05-06,115.519,117.498,114.143,115.66,35309480
2022-05-05,120.22,121.233,115.182,116.746,43089040
2022-05-04,118.004,123.143,115.738,122.575,33231460
2022-05-03,116.765,119.3,116.627,118.13,21215740
2022-05-02,113.907,117.34,113.399,117.157,30279640
2022-04-29,117.578,118.96,114.694,114.966,33693100
2022-04-28,117.115,120.438,115.144,119.412,36790940
2022-04-27,114.373,117.5,113.124,115.02,62238120
2022-04-26,122.75,122.75,119.162,119.506,49393040
2022-04-25,119.43,123.278,118.769,123.25,34521800
2022-04-22,125.0,125.452,119.14,119.614,46410300
2022-04-21,129.35,130.308,124.65,124.938,30157540
2022-04-20,131.284,131.924,127.894,128.246,22609380
2022-04-19,128.077,130.904,127.452,130.531,22719300
2022-04-18,127.41,128.712,126.578,127.961,14917200
2022-04-14,130.649,130.71,127.112,127.253,23483360
2022-04-13,128.627,130.656,128.439,130.286,19542960
2022-04-12,132.424,132.424,127.576,128.374,23003220
2022-04-11,132.9,132.939,129.618,129.796,24187340
2022-04-08,136.25,136.25,133.753,134.01,16434480
2022-04-07,136.618,137.702,134.857,136.465,19448540
2022-04-06,139.162,139.848,136.418,137.176,23574600
2022-04-05,143.4,143.59,140.944,141.063,19255560
2022-04-04,140.824,144.044,140.824,143.642,19084900
2022-04-01,140.01,140.95,138.797,140.7,23480020
2022-03-31,142.448,142.644,139.619,139.65,29516320
2022-03-30,142.855,143.48,142.168,142.644,21046380
2022-03-29,143.16,144.162,142.484,143.25,28678420
2022-03-28,140.684,141.977,139.828,141.95,23773080
2022-03-25,141.754,141.96,139.7,141.522,19289080
2022-03-24,139.272,141.396,138.039,141.312,20544720
2022-03-23,139.138,140.025,138.166,138.504,25302320
2022-03-22,136.5,141.5,136.5,140.278,29776860
2022-03-21,136.848,137.582,134.612,136.478,26632460
2022-03-18,133.884,136.914,132.932,136.802,45899700
2022-03-17,133.321,134.739,132.719,134.6,23994380
2022-03-16,131.0,133.771,129.201,133.69,32058200
2022-03-15,127.742,130.517,126.568,129.661,30292600
2022-03-14,130.573,131.026,126.413,126.741,30253860
2022-03-11,133.999,134.2,130.296,130.476,26599800
2022-03-10,131.462,133.538,131.401,132.682,24265200
2022-03-09,131.4,134.198,130.088,133.866,32257440
2022-03-08,126.251,131.246,125.861,127.279,35249560
2022-03-07,131.904,131.904,126.41,126.464,39177900
2022-03-04,133.382,134.199,130.408,132.122,24472240
2022-03-03,135.978,136.714,133.431,134.308,19779300
2022-03-02,134.608,135.616,133.432,134.752,23966740
2022-03-01,134.48,136.111,133.378,134.168,24639920
2022-02-28,133.284,135.64,132.825,134.891,29675680
2022-02-25,133.526,135.389,131.765,134.52,26235860
2022-02-24,125.0,133.037,124.764,132.674,43165080
2022-02-23,131.079,131.749,127.504,127.585,26431280
2022-02-22,129.985,131.901,127.741,129.402,38906580
2022-02-18,133.038,133.824,130.307,130.468,31858600
2022-02-17,136.15,136.84,132.202,132.308,30968120
2022-02-16,136.43,137.946,134.824,137.488,25609660
2022-02-15,137.472,137.9,135.54,136.426,26577560
2022-02-14,133.366,136.166,133.302,135.3,26792800
2022-02-11,138.75,139.283,133.288,134.13,38808800
2022-02-10,139.5,141.431,138.05,138.603,33017700
2022-02-09,140.85,142.176,140.377,141.453,28627160
2022-02-08,138.991,139.837,136.873,139.213,34255040
2022-02-07,143.709,143.846,138.699,138.938,44610740
2022-02-04,143.017,144.535,139.818,143.016,49224400
2022-02-03,145.295,149.118,142.205,142.651,56930140
2022-02-02,151.864,152.1,145.558,148.036,89750760
2022-02-01,137.835,138.2,134.568,137.878,51203200
2022-01-31,134.198,135.844,132.274,135.698,34055560
2022-01-28,130.0,133.37,128.694,133.29,30517560
2022-01-27,131.361,132.61,128.945,129.121,30285020
2022-01-26,130.592,132.808,127.154,129.24,39630880
2022-01-25,128.435,129.339,126.378,126.736,36008600
2022-01-24,126.028,130.779,124.642,130.372,55292040
2022-01-21,133.012,134.76,130.001,130.092,41919220
2022-01-20,136.514,137.912,133.144,133.507,21930560
2022-01-19,136.938,138.4,135.5,135.652,20795280
2022-01-18,136.6,137.391,135.617,136.29,27401960
2022-01-14,137.5,141.2,137.5,139.786,23825920
2022-01-13,141.84,143.186,138.914,139.131,26565080
2022-01-12,141.555,142.814,141.112,141.648,23641580
2022-01-11,138.18,140.33,136.814,140.017,23501240
2022-01-10,135.099,138.64,133.14,138.574,34095680
2022-01-07,137.905,138.255,135.789,137.004,19408240
2022-01-06,137.498,139.686,136.764,137.551,29049040
2022-01-05,144.181,144.298,137.523,137.654,49641520
2022-01-04,145.55,146.61,143.816,144.416,22927780
2022-01-03,144.476,145.55,143.502,145.074,25224500
2021-12-31,145.544,146.365,144.678,144.68,17297700
2021-12-30,146.45,147.062,145.758,146.002,12977020
2021-12-29,146.43,147.184,145.504,146.504,17024720
2021-12-28,148.374,148.374,145.936,146.448,18635840
2021-12-27,147.464,148.426,147.25,148.064,13259320
2021-12-23,147.09,148.573,146.951,147.142,13818680
2021-12-22,144.1,147.303,143.963,146.949,18440480
2021-12-21,143.15,144.692,141.735,144.22,19551940
2021-12-20,140.68,142.61,140.25,142.402,20263520
2021-12-17,142.714,144.46,141.788,142.803,43404700
2021-12-16,148.077,148.552,144.092,144.838,27399740
2021-12-15,144.366,147.517,142.706,147.368,27280960
2021-12-14,144.77,145.442,142.242,144.97,24778800
2021-12-13,148.444,148.562,146.36,146.704,24103920
2021-12-10,149.1,149.4,147.358,148.675,21638460
2021-12-09,148.176,149.605,147.529,148.106,18580600
2021-12-08,148.332,149.156,147.2,148.72,18963940
2021-12-07,145.95,148.3,145.703,148.036,23258280
2021-12-06,143.574,144.352,140.647,143.796,22197700
2021-12-03,144.496,145.213,141.15,142.52,26687480
2021-12-02,141.824,144.675,140.982,143.776,21250700
2021-12-01,144.212,146.499,141.5,141.618,28545780
2021-11-30,145.45,146.628,142.066,142.452,41590520
2021-11-29,144.298,146.862,144.298,146.114,26276120
2021-11-26,145.016,145.297,142.486,142.806,16992120
2021-11-24,146.35,147.0,145.199,146.718,16464060
2021-11-23,147.113,147.694,144.89,146.757,18133140
2021-11-22,150.142,150.744,147.006,147.079,24627700
2021-11-19,151.0,151.85,149.888,149.953,19782960
2021-11-18,149.146,151.61,148.998,150.709,26682400
2021-11-17,149.229,149.626,148.563,149.062,15290820
2021-11-16,149.17,149.832,148.35,149.076,17254860
2021-11-15,150.0,150.477,148.652,149.388,16247340
2021-11-12,147.832,149.86,146.454,149.646,17047660
2021-11-11,147.107,148.502,146.694,146.748,12463100
2021-11-10,148.01,148.7,145.325,146.626,22708320
2021-11-09,149.746,150.378,147.507,149.248,16875560
2021-11-08,150.0,151.034,149.12,149.352,18388140
2021-11-05,149.354,150.571,148.652,149.241,20408140
2021-11-04,147.2,149.95,146.635,148.683,24700800
2021-11-03,146.275,146.91,145.054,146.79,17886600
2021-11-02,144.809,146.92,144.641,145.863,21150580
2021-11-01,148.165,148.4,143.58,143.774,32272100
2021-10-29,145.52,148.613,145.166,148.27,28954500
2021-10-28,147.299,147.424,144.764,146.129,32418060
2021-10-27,139.902,149.118,139.902,146.428,51850920
2021-10-26,140.606,140.84,139.006,139.672,28258740
2021-10-25,138.81,139.206,136.748,138.773,21081700
2021-10-22,140.351,141.558,137.17,138.625,30182640
2021-10-21,142.192,142.849,141.637,142.781,14849920
2021-10-20,144.222,144.248,141.912,142.415,17939500
2021-10-19,143.291,144.107,143.096,143.822,15315840
2021-10-18,141.214,142.999,141.214,142.96,16567200
2021-10-15,142.2,142.2,141.064,141.675,21253360
2021-10-14,139.952,141.652,139.339,141.412,21437560
2021-10-13,137.75,138.55,136.977,137.9,16393280
2021-10-12,139.638,139.695,136.25,136.713,22535020
2021-10-11,139.8,140.764,138.806,138.848,16584760
2021-10-08,139.906,140.317,139.429,140.056,18928420
2021-10-07,138.863,140.154,138.563,139.186,18250460
2021-10-06,134.626,137.852,134.486,137.354,19764320
2021-10-05,134.0,137.362,134.0,136.177,24126740
2021-10-04,135.7,135.7,131.166,133.765,31529900
2021-10-01,133.555,137.071,133.378,136.462,28387300
2021-09-30,134.325,135.59,133.0,133.266,35363980
2021-09-29,137.11,137.398,134.25,134.521,26337220
2021-09-28,139.088,139.606,135.7,136.184,42189660
2021-09-27,141.586,142.5,140.5,141.501,18844080
2021-09-24,140.946,142.904,140.85,142.633,14949340
2021-09-23,141.61,142.252,141.096,141.826,17276100
2021-09-22,140.05,141.584,139.472,140.938,22067800
2021-09-21,140.117,140.812,138.906,139.646,18129380
2021-09-20,139.0,139.362,137.053,139.017,34917720
2021-09-17,143.798,144.249,141.062,141.464,60039820
2021-09-16,145.121,145.2,143.416,144.373,20298840
2021-09-15,143.759,145.582,142.256,145.206,20653420
2021-09-14,144.161,144.728,142.906,143.406,18919140
2021-09-13,143.201,144.191,142.282,143.465,20175620
2021-09-10,145.444,146.019,141.742,141.921,32896620
2021-09-09,144.884,145.67,144.434,144.914,14798560
2021-09-08,145.394,145.551,144.2,144.884,15491660
2021-09-07,144.749,145.824,144.541,145.519,15172600
2021-09-03,144.146,145.377,143.505,144.775,19110480
2021-09-02,145.95,146.325,144.106,144.219,21855800
2021-09-01,145.65,146.82,145.614,145.842,15824680
2021-08-31,145.884,146.112,145.0,145.462,26756420
2021-08-30,144.704,146.489,144.6,145.469,16915900
2021-08-27,142.112,145.011,142.02,144.55,24568240
2021-08-26,142.618,143.135,142.092,142.123,14922000
2021-08-25,142.883,143.313,142.44,142.95,12843060
2021-08-24,141.544,143.008,141.354,142.398,15126260
2021-08-23,138.998,142.177,138.748,141.099,21089680
2021-08-20,137.083,138.614,136.467,138.437,15566740
2021-08-19,135.468,137.452,135.356,136.914,18295920
2021-08-18,137.116,138.294,136.421,136.57,14934460
2021-08-17,138.191,138.718,136.788,137.3,21274020
2021-08-16,138.0,138.99,136.166,138.916,18050840
2021-08-13,138.358,138.674,138.005,138.406,12580580
2021-08-12,137.713,138.418,136.779,138.39,14649400
2021-08-11,138.283,138.848,137.35,137.69,15209660
2021-08-10,138.08,138.552,137.227,138.096,16039080
2021-08-09,136.949,138.322,136.429,138.002,12379560
2021-08-06,136.295,137.08,136.046,137.036,13565020
2021-08-05,136.028,136.95,135.6,136.94,11871780
2021-08-04,136.249,136.538,135.415,136.028,16527140
2021-08-03,136.0,136.336,134.184,136.28,19064000
2021-08-02,135.484,136.02,134.67,135.99,20140040
2021-07-30,135.511,135.771,134.814,135.221,23954500
2021-07-29,136.381,137.152,136.138,136.54,19283340
2021-07-28,138.562,139.676,136.35,136.382,54688340
2021-07-27,140.011,140.011,135.1,136.796,42163060
2021-07-26,138.25,139.713,137.651,139.644,23052460
2021-07-23,135.26,138.808,134.7,137.816,26377740
2021-07-22,132.65,133.504,132.4,133.329,13608140
2021-07-21,130.787,132.617,130.602,132.6,14741640
2021-07-20,130.004,132.001,129.188,131.102,19083120
2021-07-19,131.156,131.247,128.537,129.254,25709320
2021-07-16,131.641,132.183,130.821,131.846,14861180
2021-07-15,132.5,132.595,130.598,131.266,16586320
2021-07-14,131.902,132.996,131.898,132.082,17918540
2021-07-13,130.882,132.042,130.637,130.994,16617960
2021-07-12,129.834,130.77,129.6,130.564,16950920
2021-07-09,128.944,129.849,128.944,129.574,15109320
2021-07-08,128.25,130.032,128.04,129.177,19779500
2021-07-07,130.341,130.64,129.76,130.078,16683720
2021-07-06,129.45,129.884,128.409,129.771,21350340
2021-07-02,126.84,128.848,126.769,128.719,21165120
2021-07-01,124.85,126.462,124.85,126.368,17124600
2021-06-30,125.654,125.8,124.758,125.316,24009560
2021-06-29,126.772,127.0,125.437,126.018,20949560
2021-06-28,127.0,127.337,125.974,126.819,28110860
2021-06-25,126.957,127.505,126.444,126.995,33485940
2021-06-24,127.054,127.536,126.96,127.282,18933240
2021-06-23,126.55,127.796,126.252,126.462,19693160
2021-06-22,126.45,127.27,126.027,126.999,20986200
2021-06-21,125.74,127.037,125.134,126.455,26256520
2021-06-18,125.706,126.389,124.603,125.568,53306200
2021-06-17,125.523,127.196,125.515,126.371,25755820
2021-06-16,126.247,126.523,124.15,125.696,26316760
2021-06-15,126.522,126.862,125.648,126.033,22182600
2021-06-14,125.67,126.412,125.047,126.352,22550440
2021-06-11,126.246,126.349,124.914,125.696,25246180
2021-06-10,124.7,126.163,124.7,126.08,31234660
2021-06-09,124.975,125.25,124.366,124.57,20126740
2021-06-08,123.995,124.725,123.412,124.142,25065060
2021-06-07,122.566,123.4,122.054,123.304,23849060
2021-06-04,121.126,122.693,120.888,122.588,25948680
2021-06-03,119.751,120.487,119.142,120.23,18345820
2021-06-02,121.766,122.1,120.21,121.064,17162100
2021-06-01,121.1,121.899,120.244,121.49,19165780
2021-05-28,121.098,121.407,120.384,120.578,24107640
2021-05-27,121.847,122.0,120.1,120.126,38962260
2021-05-26,120.642,122.147,120.626,121.676,21856380
2021-05-25,121.0,121.644,120.149,120.454,18838560
2021-05-24,118.35,120.924,118.006,120.334,21243780
2021-05-21,118.3,118.45,117.118,117.255,22832640
2021-05-20,116.402,118.017,116.054,117.804,23831860
2021-05-19,113.22,115.838,113.176,115.436,19350880
2021-05-18,116.845,117.158,115.158,115.172,17302380
2021-05-17,115.466,116.167,114.75,116.07,19848320
2021-05-14,114.592,116.057,114.166,115.808,26624960
2021-05-13,113.054,113.83,112.136,113.098,26670160
2021-05-12,113.086,114.268,111.503,111.954,34933280
2021-05-11,114.593,116.1,114.15,115.438,32110960
2021-05-10,118.744,118.9,116.736,117.083,26005420
2021-05-07,120.0,120.82,119.5,119.934,23277840
2021-05-06,117.532,119.136,117.117,119.068,20617180
2021-05-05,118.421,119.11,117.57,117.837,21805500
2021-05-04,118.487,118.963,115.585,117.712,35120300
2021-05-03,120.136,120.985,119.225,119.758,33787780
2021-04-30,120.224,121.357,120.108,120.506,39142600
2021-04-29,120.516,121.826,120.114,121.494,39553540
2021-04-28,120.357,122.619,118.742,118.996,59728780
2021-04-27,116.8,116.872,115.214,115.356,31971660
2021-04-26,115.996,117.063,115.692,116.337,20833000
2021-04-23,114.173,116.291,113.91,115.765,28703240
2021-04-22,114.662,115.188,112.822,113.396,21096160
2021-04-21,114.262,114.766,112.929,114.664,23934620
2021-04-20,115.394,115.48,113.586,114.682,21774980
2021-04-19,114.599,115.922,114.392,115.12,24688900
2021-04-16,115.15,115.322,114.222,114.888,22601800
2021-04-15,113.849,115.33,113.3,114.833,27472240
2021-04-14,113.758,113.899,112.46,112.742,20219340
2021-04-13,113.074,113.86,112.804,113.364,23316080
2021-04-12,113.312,113.766,111.923,112.739,31317020
2021-04-09,112.835,114.452,112.686,114.294,20887300
2021-04-08,113.898,114.2,112.884,113.272,27165180
2021-04-07,111.306,112.75,111.267,112.484,25797220
2021-04-06,111.125,111.883,110.74,111.238,27060720
2021-04-05,107.647,111.866,107.581,111.278,43297500
2021-04-01,104.898,107.147,104.844,106.888,33979560
2021-03-31,102.956,104.666,102.837,103.432,29198600
2021-03-30,102.882,103.539,102.202,102.777,20735480
2021-03-29,101.394,102.922,100.781,102.797,24595540
2021-03-26,101.943,102.55,100.701,101.778,29876000
2021-03-25,102.24,102.944,100.536,102.218,28378140
2021-03-24,103.268,103.91,102.078,102.253,23080580
2021-03-23,102.585,103.615,101.961,102.648,27339940
2021-03-22,102.092,102.899,101.304,101.929,39096320
2021-03-19,102.102,102.655,100.884,102.16,46297860
2021-03-18,103.05,103.775,101.678,101.811,27248600
2021-03-17,103.802,105.489,102.7,104.554,25980320
2021-03-16,103.949,106.178,103.5,104.626,29831280
2021-03-15,103.115,103.353,102.176,103.324,25966500
2021-03-12,104.25,104.513,102.378,103.096,34515880
2021-03-11,103.703,106.285,103.619,105.738,24781600
2021-03-10,103.588,103.75,101.668,102.752,25371840
2021-03-09,103.5,103.902,102.392,102.635,33946120
2021-03-08,105.056,106.44,101.08,101.208,32948580
2021-03-05,103.656,105.906,102.321,105.427,43904360
2021-03-04,101.168,104.462,101.014,102.455,42360120
2021-03-03,103.36,104.426,100.5,101.336,29683620
2021-03-02,103.81,105.218,103.563,103.792,22691900
2021-03-01,102.826,104.326,102.305,104.076,28102300
2021-02-26,102.526,103.55,100.803,101.843,41676020
2021-02-25,103.372,104.744,101.064,101.568,36568640
2021-02-24,102.092,105.039,101.907,104.758,24966980
2021-02-23,101.25,104.101,100.101,103.543,33347540
2021-02-22,103.35,104.571,103.107,103.244,27350660
2021-02-19,105.964,106.527,104.87,105.057,29152240
2021-02-18,105.52,106.637,105.186,105.86,22437100
2021-02-17,105.0,106.683,104.946,106.416,21418820
2021-02-16,105.218,107.634,105.218,106.095,22676760
2021-02-12,104.512,105.441,104.157,105.206,17117300
2021-02-11,104.976,105.102,103.866,104.794,18913000
2021-02-10,104.71,105.418,103.155,104.769,22709280
2021-02-09,103.927,105.256,103.927,104.176,17797000
2021-02-08,105.295,106.177,103.6,104.646,24848220
2021-02-05,103.5,105.126,102.966,104.9,30702700
2021-02-04,103.444,103.928,102.13,103.118,37046580
2021-02-03,103.65,105.825,100.919,103.504,82363400
2021-02-02,96.128,97.788,95.7245,96.3755,45474460
2021-02-01,92.6785,96.1196,92.5465,95.0675,32043640
2021-01-29,92.3085,92.864,90.51,91.787,32251040
2021-01-28,92.197,94.9415,92.132,93.1555,35462760
2021-01-27,94.1265,94.5,90.45,91.5395,54965840
2021-01-26,94.442,96.25,94.2122,95.862,26262780
2021-01-25,96.0335,96.479,93.3765,94.97,38546400
2021-01-22,94.784,95.5475,94.088,95.0525,25444640
2021-01-21,94.9,96.743,94.3555,94.5625,41278640
2021-01-20,91.573,95.1855,91.2765,94.345,49805160
2021-01-19,87.6125,90.4638,87.073,89.543,34692280
2021-01-15,86.9095,87.8,86.0775,86.8095,26843400
2021-01-14,87.681,88.7505,86.67,87.009,23589540
2021-01-13,86.929,88.2518,86.9005,87.72,21882620
2021-01-12,87.696,88.902,86.2655,87.3275,27153820
2021-01-11,89.3035,89.7158,88.026,88.336,24194700
2021-01-08,89.399,90.492,88.6768,90.3605,41020040
2021-01-07,87.003,89.42,86.8525,89.3625,45300440
2021-01-06,85.1315,87.4,84.95,86.7645,52042280
2021-01-05,86.25,87.3835,85.9008,87.046,22906940
2021-01-04,87.877,88.0325,85.3925,86.412,38037100
2020-12-31,86.771,87.9465,86.771,87.594,20244800
2020-12-30,88.1005,88.2548,86.28,86.976,26122600
2020-12-29,89.3895,89.622,87.8045,87.936,25987900
2020-12-28,87.5818,89.5364,87.3168,88.8045,27860660
2020-12-24,86.75,87.3,86.4555,86.9425,6935060
2020-12-23,86.4055,87.3995,86.252,86.619,20678340
2020-12-22,86.7215,86.8702,85.6288,86.175,18766920
2020-12-21,85.6755,87.0425,84.95,86.9685,36567560
2020-12-18,87.709,87.7555,86.011,86.5505,80327060
2020-12-17,88.4255,88.5892,86.933,87.395,32494880
2020-12-16,88.644,88.65,87.804,88.15,30270860
2020-12-15,88.221,88.571,87.4975,88.3885,29645220
2020-12-14,88.75,89.8695,87.8608,88.003,32003460
2020-12-11,88.153,89.2225,88.0,89.0885,24413020
2020-12-10,88.49,89.0655,87.016,88.7665,27256960
2020-12-09,90.6005,91.7135,88.3905,89.2065,30138720
2020-12-08,90.505,91.095,89.8102,90.9275,21903000
2020-12-07,90.95,91.6185,90.289,90.974,26411140
2020-12-04,91.226,91.658,90.8495,91.3995,27563320
2020-12-03,91.2005,92.36,91.1325,91.3385,24545960
2020-12-02,89.905,91.7825,89.4736,91.3975,24440640
2020-12-01,88.7185,91.2415,88.4685,89.905,34780900
2020-11-30,89.0592,89.4032,87.75,88.037,36476720
2020-11-27,88.6545,90.2,88.622,89.6595,17698320
2020-11-25,88.6445,88.927,87.827,88.5715,20922440
2020-11-24,86.525,88.58,86.3845,88.444,31594060
2020-11-23,87.48,87.695,85.886,86.743,43239500
2020-11-20,88.2605,88.7,87.093,87.1095,46273100
2020-11-19,86.919,88.4795,86.8502,88.196,24998200
2020-11-18,88.2615,88.6735,87.307,87.339,23469320
2020-11-17,88.847,89.25,88.35,88.5075,22942280
2020-11-16,88.585,89.9535,88.3845,89.069,24935700
2020-11-13,87.8815,89.052,87.2275,88.851,30011480
2020-11-12,87.3815,88.4135,87.28,87.492,24975080
2020-11-11,87.5,88.211,87.3682,87.6355,25279320
2020-11-10,86.5545,88.15,85.865,87.0195,52722840
2020-11-09,89.545,90.903,88.001,88.15,45365400
2020-11-06,87.6975,88.6215,87.0175,88.0875,33224500
2020-11-05,89.05,89.682,87.5255,88.1685,41316240
2020-11-04,85.514,88.5683,85.3015,87.4565,71418540
2020-11-03,81.589,83.085,80.831,82.5105,33233060
2020-11-02,81.408,83.0385,80.8015,81.3015,50708920
2020-10-30,83.6055,84.35,80.223,81.0505,86617240
2020-10-29,76.118,79.6855,76.112,78.362,40061280
2020-10-28,77.987,78.0675,75.731,75.831,36679180
2020-10-27,79.7835,80.3423,79.139,80.213,24580040
2020-10-26,81.2505,81.912,78.825,79.5225,37065080
2020-10-23,81.3035,82.118,81.0255,82.05,27516880
2020-10-22,79.6525,81.0995,79.25,80.7665,28680840
2020-10-21,78.6665,80.9365,78.5815,79.6655,51366900
2020-10-20,76.3525,78.875,76.2835,77.7965,44851440
2020-10-19,79.023,79.4075,76.4,76.7305,32141500
2020-10-16,78.2925,79.0565,78.15,78.6505,28702740
2020-10-15,77.3575,78.7552,77.2515,77.9565,30816340
2020-10-14,78.9295,79.3842,77.5265,78.404,38619800
2020-10-13,79.1865,79.5,78.16,78.584,32020860
2020-10-12,77.15,79.693,76.6285,78.4575,49651200
2020-10-09,74.735,75.826,74.4725,75.761,28710840
2020-10-08,73.2545,74.5,73.2545,74.2965,23756620
2020-10-07,73.2145,73.448,71.8,73.0145,34923120
2020-10-06,73.779,74.338,72.4295,72.672,24908460
2020-10-05,73.3105,74.4105,73.2135,74.301,22265140
2020-10-02,73.1015,74.16,72.546,72.921,25681420
2020-10-01,74.2135,74.952,73.9605,74.5045,35589940
2020-09-30,73.34,74.4875,72.994,73.48,34032160
2020-09-29,73.5195,73.8332,72.9403,73.4665,19582040
2020-09-28,73.7105,73.84,72.4651,73.226,40158820
2020-09-25,71.6315,72.5,70.667,72.248,26467500
2020-09-24,70.5515,72.1854,70.4925,71.4145,29004320
2020-09-23,72.939,73.048,70.385,70.7605,33147000
2020-09-22,72.5045,73.476,71.7265,73.273,31664020
2020-09-21,72.003,72.418,70.3275,71.558,57776540
2020-09-18,74.9005,75.1502,71.8565,72.9995,62077640
2020-09-17,74.8,75.4149,73.5,74.7765,37595020
2020-09-16,77.777,78.1,75.991,76.045,26245980
2020-09-15,76.8,77.9785,76.5918,77.072,26621640
2020-09-14,76.9503,78.2,75.787,75.964,33931780
2020-09-11,76.8,78.76,74.868,76.036,31941740
2020-09-10,78.032,79.204,76.2902,76.601,32371140
2020-09-09,77.8765,78.45,76.8026,77.848,35494080
2020-09-08,76.6755,78.1933,76.4005,76.6195,52217680
2020-09-04,81.213,82.2555,77.3806,79.552,52171360
2020-09-03,85.4857,85.4857,80.753,82.092,62155260
2020-09-02,83.6888,86.659,83.3165,86.414,50223600
2020-09-01,81.8315,83.2865,81.611,83.0355,36533100
2020-08-31,82.3945,82.3982,81.5155,81.709,36468120
2020-08-28,81.6745,82.3585,81.5375,82.2205,29995640
2020-08-27,82.684,82.75,81.2875,81.7165,37232040
2020-08-26,80.4,82.961,80.18,82.619,71621440
2020-08-25,79.1035,80.581,79.1035,80.411,42641680
2020-08-24,79.699,80.7085,79.0285,79.41,28204580
2020-08-21,78.8515,79.886,78.4002,79.021,28929060
2020-08-20,77.1725,79.2935,76.91,79.0875,34137540
2020-08-19,77.6655,78.684,77.1975,77.3765,33212220
2020-08-18,76.309,78.1235,76.1855,77.93,40541720
2020-08-17,75.7335,76.2805,75.3985,75.899,27572000
2020-08-14,75.783,76.095,75.144,75.3865,27104000
2020-08-13,75.517,76.8625,75.4002,75.9225,29104160
2020-08-12,74.279,75.6193,74.2625,75.331,28753100
2020-08-11,74.622,75.5,73.9,74.016,29087300
2020-08-10,74.359,75.2038,73.654,74.805,25790600
2020-08-07,75.0,75.8423,74.082,74.7245,31556520
2020-08-06,73.5875,75.1195,73.3,75.005,39907360
2020-08-05,73.465,74.1205,73.173,73.6805,39599140
2020-08-04,73.8285,74.278,72.9325,73.2485,38069780
2020-08-03,74.332,74.5235,73.282,73.7225,46630280
2020-07-31,75.2505,75.4475,72.7015,74.148,68580720
2020-07-30,74.85,76.8935,74.611,76.5725,33427920
2020-07-29,75.316,76.5626,75.0665,76.101,22130680
2020-07-28,76.259,76.324,74.883,75.017,34043480
2020-07-27,75.78,77.0485,75.7605,76.51,24919600
2020-07-24,74.9465,75.8818,74.42,75.5935,30888080
2020-07-23,78.3485,78.5935,75.3696,75.784,32552680
2020-07-22,78.025,78.5,77.305,78.4245,18639700
2020-07-21,79.3495,79.3495,77.714,77.921,24372900
2020-07-20,75.763,78.5145,75.18,78.286,31145040
2020-07-17,76.081,76.172,74.921,75.7775,29140200
2020-07-16,75.0,75.9345,74.3155,75.9,30386900
2020-07-15,76.1565,76.7665,74.9,75.682,32213680
2020-07-14,74.5155,76.1475,74.175,76.029,31700320
2020-07-13,77.5,78.8566,75.2621,75.567,36928480
2020-07-10,75.3075,77.1915,74.827,77.087,37134080
2020-07-09,75.3225,76.136,74.4042,75.5495,28466440
2020-07-08,74.716,75.294,74.2815,74.8,24993160
2020-07-07,74.5,75.84,74.1775,74.259,29163440
2020-07-06,74.003,75.3295,73.643,74.785,31279940
2020-07-02,72.347,74.1475,72.321,73.235,37189600
2020-07-01,70.555,72.15,70.491,71.902,35503340
2020-06-30,69.522,70.9325,69.198,70.6805,40847620
2020-06-29,67.909,69.78,67.3505,69.7485,36203600
2020-06-26,71.5695,71.6725,67.5995,67.995,85353960
2020-06-25,71.495,72.145,71.0,72.0665,24609480
2020-06-24,73.0755,73.771,71.4875,71.5985,35120440
2020-06-23,72.782,73.797,72.262,73.2205,28595280
2020-06-22,71.45,72.6375,71.1605,72.593,30848800
2020-06-19,72.2,72.39,71.0675,71.586,63157500
2020-06-18,72.458,72.5705,71.3505,71.798,31638320
2020-06-17,72.358,73.0,71.569,72.556,30992300
2020-06-16,72.261,72.751,71.295,72.136,34232280
2020-06-15,69.54,71.24,69.396,70.9925,30121920
2020-06-12,71.4245,71.85,69.301,70.659,38927340
2020-06-11,72.124,72.7238,70.1,70.192,39826640
2020-06-10,72.977,73.713,72.8135,73.2925,30503060
2020-06-09,72.268,73.4,72.1605,72.808,28184980
2020-06-08,71.117,72.3995,71.117,72.3305,28083560
2020-06-05,70.6585,72.2525,70.3,71.9195,34704880
2020-06-04,71.52,71.948,70.2365,70.609,29685440
2020-06-03,71.915,72.3276,71.4889,71.819,25123720
2020-06-02,71.5275,71.9805,70.9415,71.961,25562560
2020-06-01,70.9195,71.898,70.9,71.591,24342800
2020-05-29,70.847,71.6285,70.6675,71.446,36761180
2020-05-28,69.843,72.042,69.8,70.8365,33879520
2020-05-27,70.8625,71.087,69.5645,70.892,33722840
2020-05-26,71.8635,72.05,70.6065,70.851,41212860
2020-05-22,69.8355,70.638,69.5915,70.521,26188160
2020-05-21,70.4,70.7745,69.6725,70.14,27703880
2020-05-20,69.479,70.521,69.3625,70.336,33107500
2020-05-19,69.3498,69.6,68.6742,68.6742,25612980
2020-05-18,68.0875,69.6163,67.7125,69.197,36479280
2020-05-15,67.5,68.724,66.95,68.6595,34154940
2020-05-14,66.751,67.871,66.1955,67.8065,32061540
2020-05-13,68.8525,69.2741,66.42,67.4665,36251700
2020-05-12,70.356,70.75,68.7385,68.787,27812000
2020-05-11,68.914,70.8265,68.8576,70.163,28242320
2020-05-08,69.1565,69.938,68.774,69.4185,27761360
2020-05-07,68.297,68.88,67.7635,68.628,27995180
2020-05-06,68.0845,68.556,67.3645,67.365,24308460
2020-05-05,66.896,68.697,66.873,67.5555,33030660
2020-05-04,65.4115,66.383,64.95,66.34,30080340
2020-05-01,66.425,67.6035,65.55,66.0305,41452780
2020-04-30,66.244,67.641,66.1245,67.433,53378120
2020-04-29,67.073,67.9995,66.267,67.074,75872600
2020-04-28,64.3965,64.4025,61.61,61.6835,59026180
2020-04-27,64.8,64.8075,63.45,63.794,32011260
2020-04-24,63.0585,64.02,62.4725,63.9655,32807880
2020-04-23,63.5775,64.6655,63.2835,63.8155,31324060
2020-04-22,62.277,64.2807,62.1,63.1605,41862800
2020-04-21,62.35,62.7135,60.4855,60.817,43060060
2020-04-20,63.55,64.08,63.0685,63.3305,33909760
2020-04-17,64.2425,64.7215,63.5615,64.1625,38980840
2020-04-16,63.705,63.95,62.131,63.1735,50361980
2020-04-15,62.2805,64.023,62.02,63.1235,33434060
2020-04-14,62.2545,64.1035,61.8465,63.4615,49407060
2020-04-13,60.459,61.0255,59.3799,60.878,34796560
2020-04-09,61.204,61.2785,59.8368,60.5725,43508420
2020-04-08,60.325,60.9535,59.408,60.514,39502700
2020-04-07,61.05,61.25,59.1115,59.3255,47746580
2020-04-06,56.9,59.733,56.547,59.346,53294460
2020-04-03,55.9508,56.177,53.9905,54.894,46268000
2020-04-02,54.913,56.343,54.82,56.042,39297620
2020-04-01,56.1,56.4845,54.8725,55.281,46883460
2020-03-31,57.365,58.7655,56.907,58.1405,49759660
2020-03-30,56.252,57.5815,54.824,57.341,51481220
2020-03-27,56.2835,57.5335,55.2955,55.5355,64169900
2020-03-26,55.59,58.4985,54.6765,58.0875,71475100
2020-03-25,56.3235,57.445,54.3005,55.1245,81630560
2020-03-24,55.1885,56.75,54.531,56.723,66889000
2020-03-23,53.066,53.566,50.6768,52.831,80882740
2020-03-20,56.786,57.1995,53.2745,53.616,72035000
2020-03-19,54.6525,57.8985,53.0054,55.7645,73022120
2020-03-18,52.8255,55.325,51.864,54.84,84668700
2020-03-17,54.6555,56.543,52.8005,55.99,77229780
2020-03-16,54.8,57.6133,53.722,54.2165,85047300
2020-03-13,58.95,60.988,55.8572,60.9865,74002500
2020-03-12,56.3,59.6935,55.665,55.7455,84534960
2020-03-11,62.485,63.048,59.8035,60.7705,52224580
2020-03-10,63.0,64.0575,60.9385,64.0195,52227460
2020-03-09,60.265,62.738,60.0,60.778,67307300
2020-03-06,63.853,65.311,63.0525,64.9205,53212560
2020-03-05,67.51,67.9455,65.255,65.952,51225760
2020-03-04,67.9615,69.4045,67.1555,69.326,38266300
2020-03-03,69.884,70.5075,66.6,67.0695,48046520
2020-03-02,67.5805,69.5435,66.341,69.4555,48629360
2020-02-28,63.875,67.057,63.55,66.9665,75812360
2020-02-27,67.9385,68.585,65.8585,65.9045,59566000
2020-02-26,69.807,70.785,68.95,69.659,44080740
2020-02-25,71.65,71.907,69.12,69.4225,49565560
2020-02-24,71.3055,71.8485,70.5695,71.0795,57341060
2020-02-21,75.4015,75.611,74.022,74.2555,34645460
2020-02-20,76.1,76.482,75.341,75.9075,21931040
2020-02-19,76.2535,76.6055,76.07,76.3345,18985360
2020-02-18,75.75,76.5815,75.6295,75.9835,22422800
2020-02-14,75.78,76.037,75.367,76.037,23956720
2020-02-13,75.6345,76.359,75.23,75.733,18594600
2020-02-12,75.724,76.035,75.4055,75.9135,23351300
2020-02-11,75.5905,76.4815,75.282,75.4395,26892660
2020-02-10,73.716,75.475,73.716,75.434,28397520
2020-02-07,73.365,74.292,73.3175,73.9615,23445400
2020-02-06,72.5165,74.1,72.4785,73.8115,33587680
2020-02-05,73.121,73.192,71.528,72.4115,39723140
2020-02-04,72.8535,73.475,71.315,72.3535,78659080
2020-02-03,72.97,74.5,72.9495,74.297,61104320
2020-01-31,73.445,73.5065,71.4265,71.7115,48344280
2020-01-30,71.998,72.864,71.82,72.792,26788420
2020-01-29,72.94,73.2715,72.337,72.9315,21573340
2020-01-28,72.15,72.8,71.6235,72.628,31548440
2020-01-27,71.55,71.9035,71.06,71.695,35104020
2020-01-24,74.6795,74.775,73.2625,73.3355,35692880
2020-01-23,74.382,74.776,74.105,74.3325,27027080
2020-01-22,74.55,75.1605,74.2465,74.2975,32216920
2020-01-21,73.956,74.5925,73.56,74.22,40735600
2020-01-17,73.1455,74.065,72.911,74.0195,47924300
2020-01-16,72.372,72.5995,72.046,72.585,23473760
2020-01-15,71.5105,72.07,71.5105,71.96,25653700
2020-01-14,71.9505,72.09,71.4185,71.544,31209060
2020-01-13,71.8065,72.026,71.301,71.9615,33069640
2020-01-10,71.378,71.7465,70.9175,71.4865,36431320
2020-01-09,71.0285,71.3665,70.5135,70.9915,30053280
2020-01-08,69.604,70.579,69.542,70.216,30583540
2020-01-07,69.897,70.1495,69.519,69.667,30233860
2020-01-06,67.5,69.825,67.5,69.7105,34662980
2020-01-03,67.393,68.625,67.277,68.033,23740120
2020-01-02,67.0775,68.407,67.0775,68.3685,28134620
2019-12-31,66.5055,66.9,66.4545,66.851,19249360
2019-12-30,67.5,67.65,66.701,66.807,21026460
2019-12-27,68.1495,68.2265,67.4655,67.5945,20774360
2019-12-26,67.3085,68.0665,67.2235,68.02,13355080
2019-12-24,67.425,67.513,67.139,67.178,6950360
2019-12-23,67.7935,67.99,67.3255,67.442,17664000
2019-12-20,68.1675,68.182,67.45,67.4795,66338100
2019-12-19,67.591,67.905,67.4495,67.802,29402240
2019-12-18,67.83,68.0235,67.55,67.631,33141380
2019-12-17,68.1445,68.25,67.566,67.756,37105180
2019-12-16,67.825,68.234,67.6335,68.0585,27949020
2019-12-13,67.3975,67.6545,67.1935,67.3915,31000560
2019-12-12,67.297,67.789,67.025,67.5135,25634440
2019-12-11,67.542,67.56,67.1335,67.251,17015920
2019-12-10,67.075,67.499,66.802,67.233,21893060
2019-12-09,66.902,67.9725,66.892,67.1775,27115900
2019-12-06,66.672,67.2,66.672,67.031,26310200
2019-12-05,66.4,66.468,65.822,66.4065,24256360
2019-12-04,65.3505,66.29,65.2435,66.027,30762200
2019-12-03,63.9785,64.923,63.95,64.764,25372940
2019-12-02,65.05,65.2915,64.05,64.496,30237020
2019-11-29,65.356,65.5105,65.1985,65.248,11739620
2019-11-27,65.75,65.918,65.4815,65.675,19901460
2019-11-26,65.493,65.74,65.2545,65.6775,21395900
2019-11-25,64.959,65.5655,64.9065,65.3345,20729740
2019-11-22,65.281,65.4365,64.5705,64.767,27730120
2019-11-21,65.074,65.6295,64.65,65.0675,19909980
2019-11-20,65.587,65.75,64.5575,65.1525,26196700
2019-11-19,66.385,66.385,65.64,65.773,25387440
2019-11-18,66.611,66.7765,65.875,66.035,29761660
2019-11-15,65.947,66.744,65.714,66.7435,35659100
2019-11-14,64.875,65.85,64.7825,65.573,23886100
2019-11-13,64.7035,65.215,64.6755,64.9,17077220
2019-11-12,65.0,65.5,64.7885,64.94,21717180
2019-11-11,65.159,65.3215,64.8705,64.9595,20248580
2019-11-08,65.264,65.9,65.2185,65.5685,25038320
2019-11-07,64.714,66.187,64.7125,65.443,40599400
2019-11-06,64.473,64.6865,64.125,64.59,23059540
2019-11-05,64.6445,64.9465,64.5615,64.6015,25654220
2019-11-04,63.8225,64.7065,63.818,64.5685,30019280
2019-11-01,63.25,63.731,63.025,63.687,33401440
2019-10-31,63.064,63.3835,62.542,63.0055,29113020
2019-10-30,62.6485,63.468,62.6,63.0645,28177020
2019-10-29,63.8115,64.0795,62.8605,63.131,37727600
2019-10-28,63.7725,64.9655,63.627,64.5,52264740
2019-10-25,62.5515,63.48,62.5005,63.2565,24261020
2019-10-24,63.045,63.2,62.686,63.0495,20797360
2019-10-23,62.118,62.9945,62.118,62.9565,18571900
2019-10-22,62.3585,62.53,62.069,62.14,20957020
2019-10-21,62.613,62.7315,62.03,62.3075,20760840
2019-10-18,62.673,62.9445,62.054,62.2745,27056780
2019-10-17,62.5465,63.1665,62.497,62.6535,19610200
2019-10-16,62.0585,62.737,61.9225,62.182,23363480
2019-10-15,61.02,62.3665,61.02,62.1505,27905180
2019-10-14,60.617,61.3165,60.588,60.857,17640780
2019-10-11,61.1105,61.4195,60.687,60.7725,25542880
2019-10-10,59.929,60.75,59.867,60.4335,18650620
2019-10-09,59.9675,60.4175,59.8815,60.1155,17532640
2019-10-08,59.8795,60.304,59.4505,59.4565,22835680
2019-10-07,60.22,60.91,60.1875,60.384,17342980
2019-10-04,59.5945,60.572,59.4585,60.45,23665280
2019-10-03,59.0,59.453,58.1215,59.3915,33273120
2019-10-02,59.849,59.8495,58.5645,58.8315,32784740
2019-10-01,60.95,61.5615,60.179,60.255,27165580
2019-09-30,61.0485,61.3,60.615,60.95,28393520
2019-09-27,62.1505,62.201,60.7225,61.2545,27088640
2019-09-26,62.098,62.25,61.6135,62.0695,31237640
2019-09-25,60.791,62.415,60.5045,62.326,31877500
2019-09-24,62.0,62.337,60.534,60.938,31835720
2019-09-23,61.3,61.9545,61.2085,61.7015,21505060
2019-09-20,61.656,62.166,61.154,61.4965,46745380
2019-09-19,61.603,62.222,61.601,61.9355,20003100
2019-09-18,61.3755,61.7805,60.8265,61.6205,22886660
2019-09-17,61.52,61.75,61.1845,61.4575,19162240
2019-09-16,61.476,61.978,61.2805,61.565,21065980
2019-09-13,61.5675,62.044,61.3505,61.978,26027000
2019-09-12,61.215,62.093,61.151,61.7125,34518160
2019-09-11,60.1705,61.13,60.11,61.0085,26140660
2019-09-10,59.7575,60.5,59.729,60.3,25202300
2019-09-09,60.222,61.0,59.631,60.2205,29437600
2019-09-06,60.4065,60.601,60.126,60.2465,21442860
2019-09-05,59.5765,60.652,59.5765,60.569,28172020
2019-09-04,58.8355,59.174,58.55,59.0705,21379360
2019-09-03,58.8515,59.3445,58.16,58.4195,29608400
2019-08-30,59.925,59.925,59.19,59.405,22599180
2019-08-29,59.056,59.803,59.056,59.6425,21777160
2019-08-28,58.0855,58.821,57.865,58.551,16044860
2019-08-27,59.0265,59.12,58.0725,58.392,21549040
2019-08-26,57.863,58.4735,57.648,58.4445,24528820
2019-08-23,59.0995,59.704,57.3875,57.5645,33765420
2019-08-22,59.7035,59.9005,58.929,59.4765,18958120
2019-08-21,59.6575,59.95,59.3715,59.5625,14821060
2019-08-20,59.7625,59.803,59.1055,59.1345,18312100
2019-08-19,59.5045,60.3495,59.5045,59.9225,24650340
2019-08-16,58.9505,59.136,58.5905,58.88,26988720
2019-08-15,58.206,58.792,58.1055,58.363,24494780
2019-08-14,58.8155,59.115,58.027,58.2145,31573360
2019-08-13,58.573,60.239,58.573,59.8635,26360180
2019-08-12,58.9605,59.248,58.3835,58.7355,20063740
2019-08-09,59.8995,60.194,59.18,59.4005,21313160
2019-08-08,59.1415,60.2505,58.651,60.24,29359940
2019-08-07,57.8,58.9225,57.481,58.6995,28886480
2019-08-06,58.1655,58.998,58.0,58.4975,34187480
2019-08-05,58.502,58.762,57.007,57.616,51949100
2019-08-02,60.037,60.345,59.447,59.6995,32901340
2019-08-01,60.7015,61.7055,60.286,60.4505,33970200
2019-07-31,61.15,61.7,60.388,60.834,34509080
2019-07-30,61.2705,61.7435,61.165,61.257,29065260
2019-07-29,62.0525,62.3685,61.4115,61.9705,44474620
2019-07-26,61.202,63.2775,61.2,62.5205,96115040
2019-07-25,56.891,57.085,56.046,56.606,44196460
2019-07-24,56.8905,57.2,56.3495,56.8905,31802020
2019-07-23,57.2,57.345,56.59,57.3105,21873760
2019-07-22,56.6725,56.9625,56.212,56.9035,26036920
2019-07-19,57.4095,57.557,56.481,56.505,32944900
2019-07-18,57.087,57.3805,56.6365,57.3165,25825620
2019-07-17,57.5485,57.918,57.2885,57.3175,23400940
2019-07-16,57.3,57.929,57.25,57.679,24776140
2019-07-15,57.343,57.541,56.97,57.517,18075600
2019-07-12,57.1995,57.367,56.939,57.245,17279460
2019-07-11,57.1625,57.6535,56.979,57.2105,23911380
2019-07-10,56.561,57.1025,56.5485,57.024,24189320
2019-07-09,55.59,56.4015,55.3585,56.2415,26607400
2019-07-08,56.2585,56.299,55.5605,55.8175,24728380
2019-07-05,55.89,56.644,55.807,56.5795,25290800
2019-07-03,55.8705,56.338,55.693,56.079,15340220
2019-07-02,55.112,55.5885,54.9085,55.5625,19835100
2019-07-01,54.9,55.379,54.685,54.8975,28770080
2019-06-28,53.8195,54.05,53.6685,54.0455,33869000
2019-06-27,54.2,54.355,53.7645,53.8005,20089540
2019-06-26,54.325,54.6485,53.612,53.99,36217380
2019-06-25,55.633,55.7175,54.19,54.3175,30938260
2019-06-24,55.9805,56.1,55.5505,55.776,27913920
2019-06-21,55.462,56.2055,55.404,56.094,38951820
2019-06-20,55.9995,56.006,55.237,55.571,25240220
2019-06-19,55.28,55.35,54.674,55.1165,26784360
2019-06-18,55.4845,55.8195,54.9495,55.18,27733680
2019-06-17,54.314,54.959,54.314,54.625,18832040
2019-06-14,54.321,54.6345,54.0085,54.2675,22232860
2019-06-13,54.182,54.7085,54.0075,54.4385,21160000
2019-06-12,53.9,54.0465,53.377,53.8515,21225100
2019-06-11,54.699,55.0995,53.88,53.936,28741260
2019-06-10,53.649,54.633,53.616,54.019,29284960
2019-06-07,52.5315,53.546,52.42,53.302,36047400
2019-06-06,52.2495,52.3745,51.685,52.217,34064880
2019-06-05,52.577,52.6775,51.5245,52.111,43368780
2019-06-04,52.145,52.8025,51.6845,52.6525,56669660
2019-06-03,53.275,53.275,51.25,51.8115,102611520
2019-05-31,55.0645,55.48,55.009,55.1815,30164060
2019-05-30,55.777,56.1565,55.606,55.8975,19037460
2019-05-29,56.376,56.455,55.411,55.823,30764240
2019-05-28,56.7,57.5795,56.656,56.7075,27303320
2019-05-24,57.368,57.4885,56.583,56.6735,22246820
2019-05-23,57.025,57.2985,56.461,57.0385,23986000
2019-05-22,57.3375,57.926,57.2945,57.571,18296780
2019-05-21,57.4245,57.6355,56.897,57.4815,23203160
2019-05-20,57.225,57.34,56.572,56.9425,27065840
2019-05-17,58.4235,59.0075,58.0005,58.115,24172460
2019-05-16,58.2255,59.408,58.142,58.949,30628080
2019-05-15,55.8935,58.5665,55.8335,58.2105,45786040
2019-05-14,56.8605,57.021,55.9775,56.022,36732080
2019-05-13,57.098,57.397,56.1055,56.6015,37212960
2019-05-10,58.1795,58.63,57.125,58.2135,26290920
2019-05-09,57.9515,58.483,57.5425,58.119,23719460
2019-05-08,58.6005,59.021,58.287,58.3135,26190280
2019-05-07,59.0235,59.522,58.052,58.705,31027360
2019-05-06,58.313,59.5425,58.313,59.4695,31278860
2019-05-03,58.6825,59.34,58.45,59.27,39613060
2019-05-02,58.388,58.7095,57.75,58.1305,38896340
2019-05-01,59.4025,59.4025,58.359,58.404,52859660
2019-04-30,59.25,59.6405,58.75,59.424,124140540
2019-04-29,63.7,64.4635,63.3145,64.379,49988640
2019-04-26,63.45,63.6535,63.016,63.609,24828560
2019-04-25,63.2385,63.3705,62.6015,63.1725,22145900
2019-04-24,63.206,63.4005,62.75,62.8,20375060
2019-04-23,62.5345,63.45,62.319,63.2275,26398200
2019-04-22,61.7995,62.4545,61.4155,62.442,16146680
2019-04-18,61.959,62.1,61.7305,61.8185,26636460
2019-04-17,61.65,62.028,61.391,61.817,24438600
2019-04-16,61.25,61.541,61.006,61.3565,17126080
2019-04-15,60.9,61.21,60.4555,61.055,23750380
2019-04-12,60.5,60.9175,60.4055,60.8935,18675880
2019-04-11,60.198,60.398,60.0065,60.231,14204620
2019-04-10,60.034,60.1895,59.822,60.108,14492860
2019-04-09,59.8,60.1145,59.654,59.8625,17527620
2019-04-08,60.3945,60.4345,59.993,60.192,17207260
2019-04-05,60.7495,60.811,60.2515,60.3575,18143040
2019-04-04,60.297,60.7835,60.2065,60.75,19014940
2019-04-03,60.374,60.815,60.025,60.296,20356760
2019-04-02,59.766,60.0675,59.2855,60.0245,16559460
2019-04-01,59.205,59.833,59.1,59.7215,25055140
2019-03-29,58.745,58.9495,58.144,58.6655,25399580
2019-03-28,58.577,58.5785,57.9715,58.4245,20248600
2019-03-27,59.275,59.378,57.9685,58.651,28004800
2019-03-26,59.9265,60.1415,58.836,59.231,38023120
2019-03-25,59.8465,60.32,59.352,59.65,29936860
2019-03-22,61.316,61.5,60.1415,60.275,34284940
2019-03-21,60.8,61.5895,60.6575,61.577,24080900
2019-03-20,59.8675,61.357,59.8085,61.1985,44555720
2019-03-19,59.4405,60.0,59.2935,59.9425,30413760
2019-03-18,59.165,59.5,58.871,59.213,25852660
2019-03-15,59.669,59.8285,59.1305,59.223,49199140
2019-03-14,59.7255,59.894,59.224,59.2775,23456300
2019-03-13,60.0325,60.0465,59.597,59.666,28718720
2019-03-12,58.913,60.0,58.913,59.66,40262300
2019-03-11,57.2225,58.8095,57.2225,58.788,34383840
2019-03-08,56.3365,57.354,56.165,57.116,24249780
2019-03-07,57.786,57.838,56.7455,57.165,23331180
2019-03-06,58.1245,58.3785,57.7745,57.893,21985780
2019-03-05,57.503,58.4805,57.31,58.1015,28863480
2019-03-04,57.3495,57.914,56.5345,57.39,28920940
2019-03-01,56.245,57.1485,56.2375,57.0495,29006320
2019-02-28,55.565,56.3825,55.5505,55.996,30852180
2019-02-27,55.3475,55.899,55.05,55.8025,19375200
2019-02-26,55.2875,55.9755,54.996,55.7565,29434860
